orden,tarea,foto_requerida,valor_requerido,unidad_sugerida,observaciones
1,"Fotos de estado inicial (filtros, batería, conexiones)",Sí,,,
2,Desmontaje y limpieza hidrolimpiadora + biocida,Sí,,,Proteger electrónica
3,Comprobación drenajes/sifón,No,,,
4,Revisión aprietes eléctricos y bornes,No,,,
5,Presiones en frío y temperaturas (SC/SH),Sí,Ps_succión,bar,; SC/SH °C
6,Verificación vibraciones/ruido,No,,,
7,Prueba rendimiento ΔT impulsión-retorno,No,ΔT,°C,Objetivo 8–12°C
8,"Informe, recomendaciones y materiales usados",No,,,
9,Firma cliente y fotos finales,Sí,,,
