orden,tarea,foto_requerida,valor_requerido,unidad_sugerida,observaciones
1,Inspección soporte y pendientes,Sí,,,Fotos patología
2,Limpieza y preparación (imprimación si procede),No,,,
3,"Tratamiento de puntos singulares (sumideros, petos)",Sí,,,
4,Aplicación 1ª mano (espesor),No,Espesor,mm,Producto y lote
5,Refuerzos de malla y juntas,No,,,
6,Aplicación 2ª mano (curado),No,,,Tiempo entre manos
7,Ensayo estanqueidad (flood test),Sí,,,Duración/altura
8,Entrega de garantías y mantenimiento,No,,,
