orden,tarea,foto_requerida,valor_requerido,unidad_sugerida,observaciones
1,"Verificar ubicación interior (acceso, drenaje, anclaje)",No,,,
2,Colocar soportes y nivelación evaporadora,Sí,,,Foto del nivel
3,Trazado y perforación pasamuros (Ø y pendiente),No,Ø,mm,
4,"Tuberías cobre: corte, abocardado, par de apriete",Sí,,,
5,Aislamiento y canaleta; sellado pasamuros,Sí,,,
6,"Conexión eléctrica (sección, magnetotérmico, diferencial)",No,Sección,mm2,Indicar MT e ID
7,Vacío profundo (≤ 300 micrones) y prueba estanqueidad,Sí,Vacío,micrones,Tiempo y estabilidad
8,Apertura válvulas y comprobación fugas con detector,No,,,
9,Puesta en marcha: presión succión/descarga,Sí,Ps_succión,bar,; Ps_descarga bar
10,Medición intensidades y consumo,No,A,A,
11,Temperaturas: impulsión/retorno; subcooling/superheat,No,ΔT,°C,"SC, SH"
12,Drenaje: prueba de vertido y sifón,Sí,,,
13,Limpieza zona y orientación al cliente,No,,,Manual y mantenimiento
14,Firma cliente y fotos finales,Sí,,,
