orden,tarea,foto_requerida,valor_requerido,unidad_sugerida,observaciones
1,Permisos/comunicaciones y evaluación de riesgos,No,,,
2,"Revisión de EPIs (arnés, casco, líneas de vida)",Sí,,,Fotografiar etiquetas/fechas
3,Anclajes y puntos de anclaje certificados,Sí,,,Ensayo si aplica
4,Plan de rescate/auto-rescate,No,,,Equipo y roles
5,"Cintas, cuerdas, descensores: estado e identificación",Sí,,,
6,Balizamiento y control de zona de caída de objetos,Sí,,,
7,"Parte de inicio/fin, incidencias y firma",No,,,
