orden,tarea,foto_requerida,valor_requerido,unidad_sugerida,observaciones
1,Identificación de unidades y direcciones (IDU/ODU),No,,,
2,Lectura de errores y estados (Service Tool si aplica),No,,,
3,Comprobación presiones y temperaturas clave,Sí,P_suc/P_desc,bar,
4,Revisión válvulas de expansión/solenoides,No,,,
5,Chequeo balanceo de aceite y retorno,No,,,
6,Aislamiento térmico y fugas; detector + espuma,Sí,,,
7,"Registro parámetros: SC, SH, subenfriamiento economizador",No,,,
8,Informe técnico con hipótesis/acciones,No,,,
