{
  "info": {
    "name": "Grupo Koal – MVP API",
    "_postman_id": "koal-mvp-api-001",
    "schema": "https://schema.getpostman.com/json/collection/v2.1.0/collection.json"
  },
  "item": [
    {
      "name": "Auth – Login",
      "request": {
        "method": "POST",
        "header": [
          {
            "key": "Content-Type",
            "value": "application/json"
          }
        ],
        "url": {
          "raw": "{{base_url}}/auth/login",
          "host": [
            "{{base_url}}"
          ],
          "path": [
            "auth",
            "login"
          ]
        },
        "body": {
          "mode": "raw",
          "raw": "{\"email\": \"admin@koal\", \"password\": \"*******\"}"
        }
      }
    },
    {
      "name": "Tickets – Crear",
      "request": {
        "method": "POST",
        "header": [
          {
            "key": "Content-Type",
            "value": "application/json"
          }
        ],
        "url": {
          "raw": "{{base_url}}/tickets",
          "host": [
            "{{base_url}}"
          ],
          "path": [
            "tickets"
          ]
        },
        "body": {
          "mode": "raw",
          "raw": "{\"cliente_id\": 1, \"direccion_id\": 1, \"equipo_id\": null, \"source\": \"whatsapp\", \"tipo\": \"averia\", \"prioridad\": \"alta\", \"descripcion\": \"Unidad no enfr\\u00eda\", \"asignado_a\": 2}"
        }
      }
    },
    {
      "name": "Eventos – Planificar",
      "request": {
        "method": "POST",
        "header": [
          {
            "key": "Content-Type",
            "value": "application/json"
          }
        ],
        "url": {
          "raw": "{{base_url}}/eventos",
          "host": [
            "{{base_url}}"
          ],
          "path": [
            "eventos"
          ]
        },
        "body": {
          "mode": "raw",
          "raw": "{\"ticket_id\": 1, \"tecnico_id\": 2, \"inicio\": \"2025-09-01T10:00:00\", \"fin\": \"2025-09-01T12:00:00\", \"estado\": \"planificado\"}"
        }
      }
    },
    {
      "name": "Materiales – Movimiento (consumo)",
      "request": {
        "method": "POST",
        "header": [
          {
            "key": "Content-Type",
            "value": "application/json"
          }
        ],
        "url": {
          "raw": "{{base_url}}/stock/mov",
          "host": [
            "{{base_url}}"
          ],
          "path": [
            "stock",
            "mov"
          ]
        },
        "body": {
          "mode": "raw",
          "raw": "{\"material_id\": 10, \"qty\": -1, \"origen\": \"furgo1\", \"destino\": \"consumo_ticket\", \"motivo\": \"consumo_ticket\", \"ticket_id\": 1}"
        }
      }
    },
    {
      "name": "WhatsApp – Webhook (Meta)",
      "request": {
        "method": "POST",
        "header": [
          {
            "key": "Content-Type",
            "value": "application/json"
          }
        ],
        "url": {
          "raw": "{{base_url}}/whatsapp/webhook",
          "host": [
            "{{base_url}}"
          ],
          "path": [
            "whatsapp",
            "webhook"
          ]
        },
        "body": {
          "mode": "raw",
          "raw": "{\"entry\": []}"
        }
      }
    },
    {
      "name": "WhatsApp – Enviar plantilla",
      "request": {
        "method": "POST",
        "header": [
          {
            "key": "Content-Type",
            "value": "application/json"
          }
        ],
        "url": {
          "raw": "{{base_url}}/whatsapp/send_template",
          "host": [
            "{{base_url}}"
          ],
          "path": [
            "whatsapp",
            "send_template"
          ]
        },
        "body": {
          "mode": "raw",
          "raw": "{\"to\": \"+34XXXXXXXXX\", \"template\": \"koal_reserva_visita_es\", \"variables\": {\"name\": \"Jorge\", \"date\": \"01/09/2025\", \"time\": \"10:00\", \"ticket_id\": \"A-123\"}}"
        }
      }
    }
  ],
  "variable": [
    {
      "key": "base_url",
      "value": "https://api.grupokoal.local"
    }
  ]
}